model/backbone/snr_db,mean,std
0,0.09063999950885768,0.002237855711319704
10,0.09160000085830684,0.000489897116351112
20,0.09160000085830682,0.0010198021703446546
40,0.09088000059127803,0.0007694171541349652
