model/backbone/snr_db,mean,std
0,0.5539200067520141,0.013438451706943135
10,0.8138400077819824,0.015159423703241762
20,0.8752799868583679,0.006866725932897359
40,0.9098399877548218,0.011935151830966993
