model/backbone/snr_db,mean,std
0,0.42423999309539795,0.01671550261408164
10,0.7371999859809876,0.023921537954001003
20,0.8063999891281128,0.02242677434453941
40,0.8501599907875061,0.020485317339538067
