model/backbone/snr_db,mean,std
0,0.14248000383377074,0.008272365247310103
10,0.2069599986076355,0.023019292041011937
20,0.21080000102519986,0.029130054060983766
40,0.20656000375747677,0.0264553950465082
